Smiling,smile
Smile,smile
Smiley,smile
Smiling,smiley
Smile,smiley
Smiley,smiley
Grin,grinning
Grinning,grinning
Smiling,grinning
Smile,grinning
Smiley,grinning
Smiling,blush
Smile,blush
Smiley,blush
Wink,wink
Winking,wink
Friendly,wink
Joke,wink
Smiling,heart_eyes
Heart,heart_eyes
Lovestruck,heart_eyes
Love,heart_eyes
Flirt,heart_eyes
Smile,heart_eyes
Heart-Shaped,heart_eyes
Kiss,kissing_heart
Blowing Kiss,kissing_heart
Heart,kissing_heart
Love,kissing_heart
Lips,kissing_heart
Kissing,kissing_closed_eyes
Kiss,kissing_closed_eyes
Passion,kissing_closed_eyes
Puckered,kissing_closed_eyes
Heart,kissing_closed_eyes
Love,kissing_closed_eyes
Smooch,kissing_closed_eyes
Kissing,kissing
Kiss,kissing
Pucker,kissing
Lips,kissing
Smooch,kissing
Kissing,kissing_smiling_eyes
Kiss,kissing_smiling_eyes
Smile,kissing_smiling_eyes
Pucker,kissing_smiling_eyes
Lips,kissing_smiling_eyes
Smooch,kissing_smiling_eyes
Tongue,stuck_out_tongue_winking_eye
Wink,stuck_out_tongue_winking_eye
Winking,stuck_out_tongue_winking_eye
Kidding,stuck_out_tongue_winking_eye
Silly,stuck_out_tongue_winking_eye
Playful,stuck_out_tongue_winking_eye
Crazy,stuck_out_tongue_winking_eye
Tongue,stuck_out_tongue_closed_eyes
Kidding,stuck_out_tongue_closed_eyes
Silly,stuck_out_tongue_closed_eyes
Playful,stuck_out_tongue_closed_eyes
Ecstatic,stuck_out_tongue_closed_eyes
Tongue,stuck_out_tongue
Silly,stuck_out_tongue
Playful,stuck_out_tongue
Cheeky,stuck_out_tongue
Flush,flushed
Blush,flushed
Red,flushed
Pink,flushed
Cheeks,flushed
Grin,grin
Grinning,grin
Smiling,grin
Smile,grin
Smiley,grin
Pensive,pensive
Thoughtful,pensive
Think,pensive
Reflective,pensive
Wistful,pensive
Meditate,pensive
Serious,pensive
Relieved,relieved
Satisfied,relieved
Phew,relieved
Relief,relieved
Unamused,unamused
Not Amused,unamused
Depressed,unamused
Unhappy,unamused
Disapprove,unamused
Lame,unamused
Disappointed,disappointed
Disappoint,disappointed
Frown,disappointed
Depressed,disappointed
Discouraged,disappointed
Endure,persevere
Persevere,persevere
Sad,cry
Cry,cry
Tear,cry
Weep,cry
Tears,joy
Cry,joy
Joy,joy
Happy,joy
Cry,sob
Sob,sob
Tears,sob
Sad,sob
Melancholy,sob
Morn,sob
Somber,sob
Hurt,sob
Sleepy,sleepy
Tired,sleepy
Exhausted,sleepy
Disappoint,disappointed_relieved
Relief,disappointed_relieved
Sweat,cold_sweat
Exasperated,cold_sweat
Frustrated,cold_sweat
Smiling,sweat_smile
Cold,sweat_smile
Sweat,sweat_smile
Perspiration,sweat_smile
Cold,sweat
Sweat,sweat
Sick,sweat
Anxious,sweat
Worried,sweat
Clammy,sweat
Diaphoresis,sweat
Weary,weary
Sleepy,weary
Tired,weary
Tiredness,weary
Study,weary
Finals,weary
School,weary
Exhausted,weary
Exhausted,tired_face
Sleepy,tired_face
Tired,tired_face
Fear,fearful
Fearful,fearful
Scared,fearful
Frightened,fearful
Scream,scream
Painting,scream
Artist,scream
Alien,scream
Angry,angry
Livid,angry
Mad,angry
Vexed,angry
Irritated,angry
Pout,rage
Anger,rage
Rage,rage
Irate,rage
Triumph,triumph
Steam,triumph
Breath,triumph
Confound,confounded
Amaze,confounded
Perplex,confounded
Puzzle,confounded
Mystify,confounded
Smiling,laughing
Laughing,laughing
Laugh,laughing
Delicious,yum
Savoring,yum
Food,yum
Eat,yum
Yummy,yum
Yum,yum
Tasty,yum
Savory,yum
Sick,mask
Virus,mask
Flu,mask
Medical,mask
Mask,mask
Smiling,sunglasses
Sunglasses,sunglasses
Sun,sunglasses
Glasses,sunglasses
Sunny,sunglasses
Cool,sunglasses
Smooth,sunglasses
Sleep,sleeping
Sleepy,sleeping
Sleeping,sleeping
Snore,sleeping
Dizzy,dizzy_face
Drunk,dizzy_face
Inebriated,dizzy_face
Shocked,astonished
Surprise,astonished
Astonished,astonished
House,house
Home,house
Residence,house
Dwelling,house
Mansion,house
Bungalow,house
Ranch,house
Craftsman,house
School,school
University,school
Elementary,school
Middle,school
High,school
College,school
Teach,school
Education,school
Hotel,love_hotel
Love,love_hotel
Sex,love_hotel
Romance,love_hotel
Leisure,love_hotel
Adultery,love_hotel
Prostitution,love_hotel
Hospital,love_hotel
Birth,love_hotel
Happy,love_hotel
Hotel,hotel
Motel,hotel
Holiday Inn,hotel
Hospital,hotel
Department,department_store
Store,department_store
Retail,department_store
Sale,department_store
Merchandise,department_store
City,city_sunrise
Scape,city_sunrise
Sunrise,city_sunrise
Dawn,city_sunrise
Light,city_sunrise
Morning,city_sunrise
Metropolitan,city_sunrise
Rise,city_sunrise
Sun,city_sunrise
City,city_sunset
Scape,city_sunset
Sunset,city_sunset
Dusk,city_sunset
Lights,city_sunset
Evening,city_sunset
Metropolitan,city_sunset
Night,city_sunset
Dark,city_sunset
Castle,japanese_castle
Japanese,japanese_castle
Residence,japanese_castle
Royalty,japanese_castle
Fort,japanese_castle
Fortified,japanese_castle
Fortress,japanese_castle
Castle,european_castle
European,european_castle
Residence,european_castle
Royalty,european_castle
Disneyland,european_castle
Disney,european_castle
Fort,european_castle
Fortified,european_castle
Moat,european_castle
Tower,european_castle
Princess,european_castle
Prince,european_castle
Lord,european_castle
King,european_castle
Queen,european_castle
Fortress,european_castle
Nobel,european_castle
Stronghold,european_castle
Sunrise,sunrise_over_mountains
Sun,sunrise_over_mountains
Morning,sunrise_over_mountains
Mountain,sunrise_over_mountains
Rural,sunrise_over_mountains
Color,sunrise_over_mountains
Sky,sunrise_over_mountains
Sunrise,sunrise
Sun,sunrise
Morning,sunrise
Color,sunrise
Sky,sunrise
Night,night_with_stars
Star,night_with_stars
Cloudless,night_with_stars
Evening,night_with_stars
Planets,night_with_stars
Space,night_with_stars
Sky,night_with_stars
Bridge,bridge_at_night
Night,bridge_at_night
Water,bridge_at_night
Road,bridge_at_night
Evening,bridge_at_night
Suspension,bridge_at_night
Golden,bridge_at_night
Gate,bridge_at_night
Carousel,carousel_horse
Horse,carousel_horse
Amusement,carousel_horse
Park,carousel_horse
Ride,carousel_horse
Entertainment,carousel_horse
Park,carousel_horse
Fair,carousel_horse
Farris,ferris_wheel
Wheel,ferris_wheel
Amusement,ferris_wheel
Park,ferris_wheel
Fair,ferris_wheel
Ride,ferris_wheel
Entertainment,ferris_wheel
Roller,roller_coaster
Coaster,roller_coaster
Amusement,roller_coaster
Park,roller_coaster
Fair,roller_coaster
Ride,roller_coaster
Entertainment,roller_coaster
Ferry,ship
Ship,ship
Boat,ship
Motor,speedboat
Speed,speedboat
Ski,speedboat
Power,speedboat
Boat,speedboat
Boat,rowboat
Row,rowboat
Oar,rowboat
Paddle,rowboat
Anchor,anchor
Ship,anchor
Boat,anchor
Ocean,anchor
Harbor,anchor
Marina,anchor
Shipyard,anchor
Sailor,anchor
Tattoo,anchor
Rocket,rocket
Space,rocket
Spacecraft,rocket
Astronaut,rocket
Cosmonaut,rocket
Airplane,airplane
Plane,airplane
Airport,airplane
Travel,airplane
Airlines,airplane
Fly,airplane
Jet,airplane
Jumbo,airplane
Boeing,airplane
Airbus,airplane
Helicopter,helicopter
Helo,helicopter
Gyro,helicopter
Gyrocopter,helicopter
Locomotive,steam_locomotive
Steam,steam_locomotive
Train,steam_locomotive
Engine,steam_locomotive
Tram,tram
Transportation,tram
Transport,tram
Station,station
Train,station
Subway,station
Pig,pig_nose
Nose,pig_nose
Snout,pig_nose
Food,pig_nose
Eat,pig_nose
Cute,pig_nose
Oink,pig_nose
Pink,pig_nose
Smell,pig_nose
Truffle,pig_nose
Monkey,monkey
Primate,monkey
Banana,monkey
Silly,monkey
Sheep,sheep
Wool,sheep
Flock,sheep
Follower,sheep
Ewe,sheep
Female,sheep
Lamb,sheep
Panda,panda_face
Bear,panda_face
Face,panda_face
Cub,panda_face
Cute,panda_face
Endearment,panda_face
Friendship,panda_face
Love,panda_face
Bamboo,panda_face
China,panda_face
Black,panda_face
White,panda_face
Chick,baby_chick
Baby,baby_chick
Bird,baby_chick
Chicken,baby_chick
Young,baby_chick
Woman,baby_chick
Cute,baby_chick
Chick,hatched_chick
Baby,hatched_chick
Bird,hatched_chick
Chicken,hatched_chick
Young,hatched_chick
Woman,hatched_chick
Cute,hatched_chick
Chick,hatching_chick
Egg,hatching_chick
Baby,hatching_chick
Bird,hatching_chick
Chicken,hatching_chick
Young,hatching_chick
Woman,hatching_chick
Cute,hatching_chick
Chicken,chicken
Hen,chicken
Poultry,chicken
Livestock,chicken
Turtle,turtle
Shell,turtle
Tortoise,turtle
Chelonian,turtle
Reptile,turtle
Slow,turtle
Snap,turtle
Steady,turtle
Bug,bug
Insect,bug
Virus,bug
Error,bug
Bee,bee
Queen,bee
Buzz,bee
Flower,bee
Pollen,bee
Sting,bee
Honey,bee
Hive,bee
Bumble,bee
Pollination,bee
Ant,ant
Queen,ant
Insect,ant
Team,ant
Lady,beetle
Bug,beetle
Ladybug,beetle
Ladybird,beetle
Beetle,beetle
Cow,beetle
Lady Cow,beetle
Insect,beetle
Endearment,beetle
Snail,snail
Slow,snail
Escargot,snail
French,snail
Appetizer,snail
Shell,shell
Spiral,shell
Beach,shell
Sand,shell
Crab,shell
Nautilus,shell
Whale,whale2
Blubber,whale2
Bloated,whale2
Fat,whale2
Large,whale2
Massive,whale2
Cow,cow2
Milk,cow2
Dairy,cow2
Beef,cow2
Bessie,cow2
Moo,cow2
Ram,ram
Sheep,ram
Male,ram
Horn,ram
Horns,ram
Rat,rat
Rodent,rat
Crooked,rat
Snitch,rat
Water,water_buffalo
Buffalo,water_buffalo
Asia,water_buffalo
Bovine,water_buffalo
Milk,water_buffalo
Dairy,water_buffalo
Pine,bamboo
Bamboo,bamboo
Decoration,bamboo
New,bamboo
Years,bamboo
Spirits,bamboo
Harvest,bamboo
Prosperity,bamboo
Longevity,bamboo
Fortune,bamboo
Luck,bamboo
Welcome,bamboo
Farming,bamboo
Agriculture,bamboo
Dolls,dolls
Japan,dolls
Japanese,dolls
Day,dolls
Girls,dolls
Emperor,dolls
Empress,dolls
Pray,dolls
Blessing,dolls
Imperial,dolls
Family,dolls
Royal,dolls
School,school_satchel
Satchel,school_satchel
Backpack,school_satchel
Bag,school_satchel
Packing,school_satchel
Pack,school_satchel
Hike,school_satchel
Education,school_satchel
Adventure,school_satchel
Travel,school_satchel
Sightsee,school_satchel
Graduation,mortar_board
Cap,mortar_board
Mortarboard,mortar_board
Academic,mortar_board
Education,mortar_board
Ceremony,mortar_board
Square,mortar_board
Tassel,mortar_board
Children,flags
Kids,flags
Boys,flags
Celebration,flags
Happiness,flags
Carp,flags
Streamers,flags
Japanese,flags
Holiday,flags
Flags,flags
Fireworks,fireworks
Independence,fireworks
Celebration,fireworks
Explosion,fireworks
July,fireworks
4th,fireworks
Rocket,fireworks
Sky,fireworks
Idea,fireworks
Excitement,fireworks
Wind,wind_chime
Chime,wind_chime
Bell,wind_chime
Fūrin,wind_chime
Instrument,wind_chime
Music,wind_chime
Spirits,wind_chime
Soothing,wind_chime
Protective,wind_chime
Spiritual,wind_chime
Sound,wind_chime
Moon,rice_scene
Viewing,rice_scene
Observing,rice_scene
Otsukimi,rice_scene
Tsukimi,rice_scene
Rice,rice_scene
Scene,rice_scene
Festival,rice_scene
Autumn,rice_scene
Jack-o-lantern,jack_o_lantern
Pumpkin,jack_o_lantern
Halloween,jack_o_lantern
Holiday,jack_o_lantern
Carve,jack_o_lantern
Autumn,jack_o_lantern
Fall,jack_o_lantern
October,jack_o_lantern
Saints,jack_o_lantern
Costume,jack_o_lantern
Spooky,jack_o_lantern
Horror,jack_o_lantern
Scary,jack_o_lantern
Scared,jack_o_lantern
Dead,jack_o_lantern
Santa,santa
Saint Nick,santa
Jolly,santa
Ho Ho Ho,santa
North Pole,santa
Presents,santa
Gifts,santa
Naughty,santa
Nice,santa
Sleigh,santa
Father,santa
Christmas,santa
Holiday,santa
Christmas,christmas_tree
Xmas,christmas_tree
Santa,christmas_tree
Holiday,christmas_tree
Winter,christmas_tree
December,christmas_tree
Santa,christmas_tree
Evergreen,christmas_tree
Ornaments,christmas_tree
Jesus,christmas_tree
Gifts,christmas_tree
Presents,christmas_tree
Gift,gift
Present,gift
Wrap,gift
Package,gift
Birthday,gift
Wedding,gift
Tanabata,tanabata_tree
Tree,tanabata_tree
Festival,tanabata_tree
Star,tanabata_tree
Wish,tanabata_tree
Holiday,tanabata_tree
Party,tada
Popper,tada
Tada,tada
Celebration,tada
Victory,tada
Announcement,tada
Climax,tada
Congratulations,tada
Party,confetti_ball
Congratulations,confetti_ball
Confetti,confetti_ball
Ball,confetti_ball
Celebrate,confetti_ball
Win,confetti_ball
Birthday,confetti_ball
New Years,confetti_ball
Wedding,confetti_ball
Balloon,balloon
Birthday,balloon
Celebration,balloon
Helium,balloon
Gas,balloon
Children,balloon
Float,balloon
Movie,movie_camera
Camera,movie_camera
Camcorder,movie_camera
Video,movie_camera
Motion,movie_camera
Picture,movie_camera
Floppy,floppy_disk
Disk,floppy_disk
Storage,floppy_disk
Information,floppy_disk
Computer,floppy_disk
Drive,floppy_disk
Megabyte,floppy_disk
